Workbook

Sheet 计算表
A1: 序号 | B1: 机构 | C1: 2026年常规（含创业、科技）额度 | D1: 2026年民间专项额度 | E1: 2026年工行预计规模(地方版，不含总对总) | F1: 2025年工行实际发生金额 | G1: 2026年预计工行发生额（以2025年增加30%测算） | H1: 2025年符合民投金额（扣工行、邮储、展期类、扣除银行分险不超过20%） | I1: 2025年规模 | J1: 系数 | K1: 就业贡献指标 | L1: 系数 | M1: 支小支农比例 | N1: 系数 | O1: 累计担保代偿率 | P1: 系数 | Q1: 2025年担保代偿率 | R1: 系数 | S1: 2025年机构评价数 | T1: 系数 | U1: 总系数 | V1: 根据注册资本调整 | W1: 2026年第一次调整后 | X1: 2026年第二次调整后 | Y1: 是否满足工行 | Z1: 第三次调整 | AA1: 第四次调整 | AB1: 第五次调整 | AC1: 第六次调整 | AD1: 其中科技创新计划额度(第一次) | AE1: 其中科技创新计划额度（第二次） | AF1: 截止2026年3月16日备案金额 | AG1: 2025年互联网银行落地规模 | AH1: 已备案占比 | AI1: 机构总额度（第六次+民投） | AJ1: 变小机构
A2: =MAX($A$1:A1)+1 -> 1 | B2: 示例担保公司A | C2: {=_xlfn._xlws.FILTER(合作业务授信额度申请表!$C$5:$C$14,合作业务授信额度申请表!$B$5:$B$14=B2)+_xlfn._xlws.FILTER(合作业务授信额度申请表!$D$5:$D$14,合作业务授信额度申请表!$B$5:$B$14=B2)} -> 639000 | D2: {=_xlfn._xlws.FILTER(合作业务授信额度申请表!$F$5:$F$14,合作业务授信额度申请表!$B$5:$B$14=B2)} -> 30000 | E2: 190000 | F2: 27409.52 | G2: =F2*1.3 -> 35632.376 | H2: {=IFERROR(_xlfn._xlws.FILTER(2025年民投!$H$2:$H$10,2025年民投!$G$2:$G$10=B2),0)} -> 2588.648 | I2: {=_xlfn._xlws.FILTER(2025年规模!$D$7:$D$16,2025年规模!$C$7:$C$16=B2)} -> 247889.78 | J2: =I2/10000 -> 24.788978 | K2: {=_xlfn._xlws.FILTER(就业人数!$E$7:$E$16,就业人数!$C$7:$C$16=B2)/(I2+50000)*10000} -> 1067.1397 | L2: =K2/就业人数!$F$3 -> 0.9847815 | M2: {=ROUND(_xlfn._xlws.FILTER(支小支农业务统计表!$E$7:$E$16,支小支农业务统计表!$C$7:$C$16=B2),2)/100} -> 0.7302 | N2: =_xlfn.SWITCH(TRUE(),M2>=90%,1,M2/90%) -> 0.81133333 | O2: {=_xlfn._xlws.FILTER(近3年累计代偿率!$J$7:$J$16,近3年累计代偿率!$C$7:$C$16=B2)/100} -> 0.0351277 | P2: =MAX(1-(O2-近3年累计代偿率!$J$3)/近3年累计代偿率!$J$3,0.5) -> 0.5 | Q2: {=_xlfn._xlws.FILTER(2025年代偿率!$J$7:$J$16,2025年代偿率!$C$7:$C$16=B2)/100} -> 0.04183328 | R2: =MAX(1-(Q2-2025年代偿率!$J$3)/2025年代偿率!$J$3,0.5) -> 0.55705999 | S2: {=_xlfn._xlws.FILTER(2025年机构评价!$C$2:$C$10,2025年机构评价!$B$2:$B$10=B2)} -> 67.66 | T2: =S2/100 -> 0.6766 | U2: =J2*(L2*0.2+N2*0.2+P2*0.1+R2*0.1+T2*0.4) -> 18.234003 | V2: {=ROUND(IFERROR(_xlfn._xlws.FILTER(合作业务授信额度申请表!$I$5:$I$14,合作业务授信额度申请表!$B$5:$B$14=B2),"")*2/1000,0)*1000} -> 29000 | W2: =I2+V2-H2 -> 274301.14 | X2: =ROUND((SUM($W$2:$W$9))*U2/SUM($U$2:$U$9),0) -> 183478 | Y2: =IF(G2>0,X2-G2,"") -> 147845.62 | Z2: =X2 -> 183478 | AA2: =Z2 -> 183478 | AB2: =ROUND(IF(ROUND(AA2/10000,0)*10000=0,10000,ROUND(AA2/1000,0)*1000)/10000,0)*10000 -> 180000 | AC2: =AB2+IF(AH2>=40%,20000,0) -> 200000 | AD2: {=ROUND(IFERROR(400000*_xlfn._xlws.FILTER(合作业务授信额度申请表!$D$5:$D$14,合作业务授信额度申请表!$B$5:$B$14=B2)/SUM(合作业务授信额度申请表!$D$5:$D$14),"")/1000,0)*1000} -> 42000 | AE2: 10000 | AF2: 76025.259 | AG2: {=IFERROR(_xlfn._xlws.FILTER(2025年互联网落地!$C$3:$C$9,2025年互联网落地!$B$3:$B$9=B2),"")} -> 12572.286 | AH2: =AF2/AB2 -> 0.42236255 | AI2: =AC2+D2 -> 230000 | AJ2: =AC2-I2 -> -47889.784
A3: =MAX($A$1:A2)+1 -> 2 | B3: 示例担保公司B | C3: {=_xlfn._xlws.FILTER(合作业务授信额度申请表!$C$5:$C$14,合作业务授信额度申请表!$B$5:$B$14=B3)+_xlfn._xlws.FILTER(合作业务授信额度申请表!$D$5:$D$14,合作业务授信额度申请表!$B$5:$B$14=B3)} -> 335000 | D3: {=_xlfn._xlws.FILTER(合作业务授信额度申请表!$F$5:$F$14,合作业务授信额度申请表!$B$5:$B$14=B3)} -> 0 | E3: 60000 | F3: 23925.6 | G3: =F3*1.3 -> 31103.28 | H3: {=IFERROR(_xlfn._xlws.FILTER(2025年民投!$H$2:$H$10,2025年民投!$G$2:$G$10=B3),0)} -> 96885.469 | I3: {=_xlfn._xlws.FILTER(2025年规模!$D$7:$D$16,2025年规模!$C$7:$C$16=B3)} -> 386680.82 | J3: =I3/10000 -> 38.668082 | K3: {=_xlfn._xlws.FILTER(就业人数!$E$7:$E$16,就业人数!$C$7:$C$16=B3)/I3*10000} -> 1278.3929 | L3: =K3/就业人数!$F$3 -> 1.1797309 | M3: {=ROUND(_xlfn._xlws.FILTER(支小支农业务统计表!$E$7:$E$16,支小支农业务统计表!$C$7:$C$16=B3),2)/100} -> 0.8849 | N3: =_xlfn.SWITCH(TRUE(),M3>=90%,1,M3/90%) -> 0.98322222 | O3: {=_xlfn._xlws.FILTER(近3年累计代偿率!$J$7:$J$16,近3年累计代偿率!$C$7:$C$16=B3)/100} -> 0.0389919 | P3: =MAX(1-(O3-近3年累计代偿率!$J$3)/近3年累计代偿率!$J$3,0.5) -> 0.5 | Q3: {=_xlfn._xlws.FILTER(2025年代偿率!$J$7:$J$16,2025年代偿率!$C$7:$C$16=B3)/100} -> 0.02822715 | R3: =MAX(1-(Q3-2025年代偿率!$J$3)/2025年代偿率!$J$3,0.5) -> 1.0263712 | S3: {=_xlfn._xlws.FILTER(2025年机构评价!$C$2:$C$10,2025年机构评价!$B$2:$B$10=B3)} -> 92.48 | T3: =S3/100 -> 0.9248 | U3: =J3*(L3*0.2+N3*0.2+P3*0.1+R3*0.1+T3*0.4) -> 36.933731 | V3: {=ROUND(IFERROR(_xlfn._xlws.FILTER(合作业务授信额度申请表!$I$5:$I$14,合作业务授信额度申请表!$B$5:$B$14=B3),"")*2/1000,0)*1000} -> 20000 | W3: =I3+V3-H3 -> 309795.35 | X3: =ROUND((SUM($W$2:$W$9))*U3/SUM($U$2:$U$9),0) -> 371643 | Y3: =IF(G3>0,X3-G3,"") -> 340539.72 | Z3: =X3 -> 371643 | AA3: =Z3 -> 371643 | AB3: =ROUND(IF(ROUND(AA3/10000,0)*10000=0,10000,ROUND(AA3/1000,0)*1000)/10000,0)*10000 -> 370000 | AC3: =AB3+IF(AH3>=40%,20000,0) -> 390000 | AD3: {=ROUND(IFERROR(400000*_xlfn._xlws.FILTER(合作业务授信额度申请表!$D$5:$D$14,合作业务授信额度申请表!$B$5:$B$14=B3)/SUM(合作业务授信额度申请表!$D$5:$D$14),"")/1000,0)*1000} -> 105000 | AE3: 45000 | AF3: 217496.27 | AG3: {=IFERROR(_xlfn._xlws.FILTER(2025年互联网落地!$C$3:$C$9,2025年互联网落地!$B$3:$B$9=B3),"")} -> 9077.232 | AH3: =AF3/AB3 -> 0.58782775 | AI3: =AC3+D3 -> 390000 | AJ3: =AC3-I3 -> 3319.1842
A4: =MAX($A$1:A3)+1 -> 3 | B4: 示例担保公司C | C4: {=_xlfn._xlws.FILTER(合作业务授信额度申请表!$C$5:$C$14,合作业务授信额度申请表!$B$5:$B$14=B4)+_xlfn._xlws.FILTER(合作业务授信额度申请表!$D$5:$D$14,合作业务授信额度申请表!$B$5:$B$14=B4)} -> 397000 | D4: {=_xlfn._xlws.FILTER(合作业务授信额度申请表!$F$5:$F$14,合作业务授信额度申请表!$B$5:$B$14=B4)} -> 0 | E4: 270000 | F4: 20559.44 | G4: =F4*1.3 -> 26727.272 | H4: {=IFERROR(_xlfn._xlws.FILTER(2025年民投!$H$2:$H$10,2025年民投!$G$2:$G$10=B4),0)} -> 84733.793 | I4: {=_xlfn._xlws.FILTER(2025年规模!$D$7:$D$16,2025年规模!$C$7:$C$16=B4)} -> 382647.79 | J4: =I4/10000 -> 38.264779 | K4: {=_xlfn._xlws.FILTER(就业人数!$E$7:$E$16,就业人数!$C$7:$C$16=B4)/I4*10000} -> 1072.6836 | L4: =K4/就业人数!$F$3 -> 0.98989757 | M4: {=ROUND(_xlfn._xlws.FILTER(支小支农业务统计表!$E$7:$E$16,支小支农业务统计表!$C$7:$C$16=B4),2)/100} -> 0.7855 | N4: =_xlfn.SWITCH(TRUE(),M4>=90%,1,M4/90%) -> 0.87277778 | O4: {=_xlfn._xlws.FILTER(近3年累计代偿率!$J$7:$J$16,近3年累计代偿率!$C$7:$C$16=B4)/100} -> 0.02627523 | P4: =MAX(1-(O4-近3年累计代偿率!$J$3)/近3年累计代偿率!$J$3,0.5) -> 0.8757762 | Q4: {=_xlfn._xlws.FILTER(2025年代偿率!$J$7:$J$16,2025年代偿率!$C$7:$C$16=B4)/100} -> 0.04294143 | R4: =MAX(1-(Q4-2025年代偿率!$J$3)/2025年代偿率!$J$3,0.5) -> 0.51883698 | S4: {=_xlfn._xlws.FILTER(2025年机构评价!$C$2:$C$10,2025年机构评价!$B$2:$B$10=B4)} -> 91.25 | T4: =S4/100 -> 0.9125 | U4: =J4*(L4*0.2+N4*0.2+P4*0.1+R4*0.1+T4*0.4) -> 33.558073 | V4: {=ROUND(IFERROR(_xlfn._xlws.FILTER(合作业务授信额度申请表!$I$5:$I$14,合作业务授信额度申请表!$B$5:$B$14=B4),"")*2/1000,0)*1000} -> 28000 | W4: =I4+V4-H4 -> 325913.99 | X4: =ROUND((SUM($W$2:$W$9))*U4/SUM($U$2:$U$9),0) -> 337676 | Y4: =IF(G4>0,X4-G4,"") -> 310948.73 | Z4: =X4 -> 337676 | AA4: =Z4 -> 337676 | AB4: =ROUND(IF(ROUND(AA4/10000,0)*10000=0,10000,ROUND(AA4/1000,0)*1000)/10000,0)*10000 -> 340000 | AC4: =AB4+IF(AH4>=40%,20000,0) -> 360000 | AD4: {=ROUND(IFERROR(400000*_xlfn._xlws.FILTER(合作业务授信额度申请表!$D$5:$D$14,合作业务授信额度申请表!$B$5:$B$14=B4)/SUM(合作业务授信额度申请表!$D$5:$D$14),"")/1000,0)*1000} -> 0 | AE4: 38000 | AF4: 157682.88 | AG4: {=IFERROR(_xlfn._xlws.FILTER(2025年互联网落地!$C$3:$C$9,2025年互联网落地!$B$3:$B$9=B4),"")} -> 83729.057 | AH4: =AF4/AB4 -> 0.46377317 | AI4: =AC4+D4 -> 360000 | AJ4: =AC4-I4 -> -22647.787
A5: =MAX($A$1:A4)+1 -> 4 | B5: 示例担保公司D | C5: {=_xlfn._xlws.FILTER(合作业务授信额度申请表!$C$5:$C$14,合作业务授信额度申请表!$B$5:$B$14=B5)+_xlfn._xlws.FILTER(合作业务授信额度申请表!$D$5:$D$14,合作业务授信额度申请表!$B$5:$B$14=B5)} -> 413000 | D5: {=_xlfn._xlws.FILTER(合作业务授信额度申请表!$F$5:$F$14,合作业务授信额度申请表!$B$5:$B$14=B5)} -> 80000 | G5: =F5*1.3 -> 0 | H5: {=IFERROR(_xlfn._xlws.FILTER(2025年民投!$H$2:$H$10,2025年民投!$G$2:$G$10=B5),0)} -> 3456.8994 | I5: {=_xlfn._xlws.FILTER(2025年规模!$D$7:$D$16,2025年规模!$C$7:$C$16=B5)} -> 108419.86 | J5: =I5/10000 -> 10.841986 | K5: {=_xlfn._xlws.FILTER(就业人数!$E$7:$E$16,就业人数!$C$7:$C$16=B5)/I5*10000} -> 905.46139 | L5: =K5/就业人数!$F$3 -> 0.83558102 | M5: {=ROUND(_xlfn._xlws.FILTER(支小支农业务统计表!$E$7:$E$16,支小支农业务统计表!$C$7:$C$16=B5),2)/100} -> 0.8045 | N5: =_xlfn.SWITCH(TRUE(),M5>=90%,1,M5/90%) -> 0.89388889 | O5: {=_xlfn._xlws.FILTER(近3年累计代偿率!$J$7:$J$16,近3年累计代偿率!$C$7:$C$16=B5)/100} -> 0.02180191 | P5: =MAX(1-(O5-近3年累计代偿率!$J$3)/近3年累计代偿率!$J$3,0.5) -> 1.0671737 | Q5: {=_xlfn._xlws.FILTER(2025年代偿率!$J$7:$J$16,2025年代偿率!$C$7:$C$16=B5)/100} -> 0.00703718 | R5: =MAX(1-(Q5-2025年代偿率!$J$3)/2025年代偿率!$J$3,0.5) -> 1.7572691 | S5: {=_xlfn._xlws.FILTER(2025年机构评价!$C$2:$C$10,2025年机构评价!$B$2:$B$10=B5)} -> 93.6 | T5: =S5/100 -> 0.936 | U5: =J5*(L5*0.2+N5*0.2+P5*0.1+R5*0.1+T5*0.4) -> 10.871674 | V5: {=ROUND(IFERROR(_xlfn._xlws.FILTER(合作业务授信额度申请表!$I$5:$I$14,合作业务授信额度申请表!$B$5:$B$14=B5),"")*2/1000,0)*1000} -> 0 | W5: =I5+V5-H5 -> 104962.96 | X5: =ROUND((SUM($W$2:$W$9))*U5/SUM($U$2:$U$9),0) -> 109395 | Y5: =IF(G5>0,X5-G5,"") | Z5: =X5 -> 109395 | AA5: =Z5 -> 109395 | AB5: =ROUND(IF(ROUND(AA5/10000,0)*10000=0,10000,ROUND(AA5/1000,0)*1000)/10000,0)*10000 -> 110000 | AC5: =AB5+IF(AH5>=40%,20000,0) -> 110000 | AD5: {=ROUND(IFERROR(400000*_xlfn._xlws.FILTER(合作业务授信额度申请表!$D$5:$D$14,合作业务授信额度申请表!$B$5:$B$14=B5)/SUM(合作业务授信额度申请表!$D$5:$D$14),"")/1000,0)*1000} -> 42000 | AE5: 53000 | AF5: 43593.915 | AG5: {=IFERROR(_xlfn._xlws.FILTER(2025年互联网落地!$C$3:$C$9,2025年互联网落地!$B$3:$B$9=B5),"")} -> 55390.424 | AH5: =AF5/AB5 -> 0.39630831 | AI5: =AC5+D5 -> 190000 | AJ5: =AC5-I5 -> 1580.1374
A6: =MAX($A$1:A5)+1 -> 5 | B6: 示例担保公司E | C6: {=_xlfn._xlws.FILTER(合作业务授信额度申请表!$C$5:$C$14,合作业务授信额度申请表!$B$5:$B$14=B6)+_xlfn._xlws.FILTER(合作业务授信额度申请表!$D$5:$D$14,合作业务授信额度申请表!$B$5:$B$14=B6)} -> 426000 | D6: {=_xlfn._xlws.FILTER(合作业务授信额度申请表!$F$5:$F$14,合作业务授信额度申请表!$B$5:$B$14=B6)} -> 20000 | G6: =F6*1.3 -> 0 | H6: {=IFERROR(_xlfn._xlws.FILTER(2025年民投!$H$2:$H$10,2025年民投!$G$2:$G$10=B6),0)} -> 26957.728 | I6: {=_xlfn._xlws.FILTER(2025年规模!$D$7:$D$16,2025年规模!$C$7:$C$16=B6)} -> 229534.28 | J6: =I6/10000 -> 22.953428 | K6: {=_xlfn._xlws.FILTER(就业人数!$E$7:$E$16,就业人数!$C$7:$C$16=B6)/I6*10000} -> 1029.868 | L6: =K6/就业人数!$F$3 -> 0.95038631 | M6: {=ROUND(_xlfn._xlws.FILTER(支小支农业务统计表!$E$7:$E$16,支小支农业务统计表!$C$7:$C$16=B6),2)/100} -> 0.72 | N6: =_xlfn.SWITCH(TRUE(),M6>=90%,1,M6/90%) -> 0.8 | O6: {=_xlfn._xlws.FILTER(近3年累计代偿率!$J$7:$J$16,近3年累计代偿率!$C$7:$C$16=B6)/100} -> 0.04113638 | P6: =MAX(1-(O6-近3年累计代偿率!$J$3)/近3年累计代偿率!$J$3,0.5) -> 0.5 | Q6: {=_xlfn._xlws.FILTER(2025年代偿率!$J$7:$J$16,2025年代偿率!$C$7:$C$16=B6)/100} -> 0.01070111 | R6: =MAX(1-(Q6-2025年代偿率!$J$3)/2025年代偿率!$J$3,0.5) -> 1.6308905 | S6: {=_xlfn._xlws.FILTER(2025年机构评价!$C$2:$C$10,2025年机构评价!$B$2:$B$10=B6)} -> 81.41 | T6: =S6/100 -> 0.8141 | U6: =J6*(L6*0.2+N6*0.2+P6*0.1+R6*0.1+T6*0.4) -> 20.401152 | V6: {=ROUND(IFERROR(_xlfn._xlws.FILTER(合作业务授信额度申请表!$I$5:$I$14,合作业务授信额度申请表!$B$5:$B$14=B6),"")*2/1000,0)*1000} -> 0 | W6: =I6+V6-H6 -> 202576.55 | X6: =ROUND((SUM($W$2:$W$9))*U6/SUM($U$2:$U$9),0) -> 205285 | Y6: =IF(G6>0,X6-G6,"") | Z6: =X6 -> 205285 | AA6: =Z6 -> 205285 | AB6: =ROUND(IF(ROUND(AA6/10000,0)*10000=0,10000,ROUND(AA6/1000,0)*1000)/10000,0)*10000 -> 210000 | AC6: =AB6+IF(AH6>=40%,20000,0) -> 210000 | AD6: {=ROUND(IFERROR(400000*_xlfn._xlws.FILTER(合作业务授信额度申请表!$D$5:$D$14,合作业务授信额度申请表!$B$5:$B$14=B6)/SUM(合作业务授信额度申请表!$D$5:$D$14),"")/1000,0)*1000} -> 0 | AE6: 10000 | AF6: 54240.288 | AG6: {=IFERROR(_xlfn._xlws.FILTER(2025年互联网落地!$C$3:$C$9,2025年互联网落地!$B$3:$B$9=B6),"")} -> 109647.14 | AH6: =AF6/AB6 -> 0.25828709 | AI6: =AC6+D6 -> 230000 | AJ6: =AC6-I6 -> -19534.281
A7: =MAX($A$1:A6)+1 -> 6 | B7: 示例担保公司F | C7: {=_xlfn._xlws.FILTER(合作业务授信额度申请表!$C$5:$C$14,合作业务授信额度申请表!$B$5:$B$14=B7)+_xlfn._xlws.FILTER(合作业务授信额度申请表!$D$5:$D$14,合作业务授信额度申请表!$B$5:$B$14=B7)} -> 432000 | D7: {=_xlfn._xlws.FILTER(合作业务授信额度申请表!$F$5:$F$14,合作业务授信额度申请表!$B$5:$B$14=B7)} -> 80000 | G7: =F7*1.3 -> 0 | H7: {=IFERROR(_xlfn._xlws.FILTER(2025年民投!$H$2:$H$10,2025年民投!$G$2:$G$10=B7),0)} -> 27807.096 | I7: {=_xlfn._xlws.FILTER(2025年规模!$D$7:$D$16,2025年规模!$C$7:$C$16=B7)} -> 128719.86 | J7: =I7/10000 -> 12.871986 | K7: {=_xlfn._xlws.FILTER(就业人数!$E$7:$E$16,就业人数!$C$7:$C$16=B7)/I7*10000} -> 807.33463 | L7: =K7/就业人数!$F$3 -> 0.74502734 | M7: {=ROUND(_xlfn._xlws.FILTER(支小支农业务统计表!$E$7:$E$16,支小支农业务统计表!$C$7:$C$16=B7),2)/100} -> 0.8971 | N7: =_xlfn.SWITCH(TRUE(),M7>=90%,1,M7/90%) -> 0.99677778 | O7: {=_xlfn._xlws.FILTER(近3年累计代偿率!$J$7:$J$16,近3年累计代偿率!$C$7:$C$16=B7)/100} -> 0.00994896 | P7: =MAX(1-(O7-近3年累计代偿率!$J$3)/近3年累计代偿率!$J$3,0.5) -> 1.5743193 | Q7: {=_xlfn._xlws.FILTER(2025年代偿率!$J$7:$J$16,2025年代偿率!$C$7:$C$16=B7)/100} -> 0.02831847 | R7: =MAX(1-(Q7-2025年代偿率!$J$3)/2025年代偿率!$J$3,0.5) -> 1.0232214 | S7: {=_xlfn._xlws.FILTER(2025年机构评价!$C$2:$C$10,2025年机构评价!$B$2:$B$10=B7)} -> 91.18 | T7: =S7/100 -> 0.9118 | U7: =J7*(L7*0.2+N7*0.2+P7*0.1+R7*0.1+T7*0.4) -> 12.52232 | V7: {=ROUND(IFERROR(_xlfn._xlws.FILTER(合作业务授信额度申请表!$I$5:$I$14,合作业务授信额度申请表!$B$5:$B$14=B7),"")*2/1000,0)*1000} -> 23000 | W7: =I7+V7-H7 -> 123912.76 | X7: =ROUND((SUM($W$2:$W$9))*U7/SUM($U$2:$U$9),0) -> 126005 | Y7: =IF(G7>0,X7-G7,"") | Z7: =X7 -> 126005 | AA7: =Z7 -> 126005 | AB7: =ROUND(IF(ROUND(AA7/10000,0)*10000=0,10000,ROUND(AA7/1000,0)*1000)/10000,0)*10000 -> 130000 | AC7: =AB7+IF(AH7>=40%,20000,0) -> 130000 | AD7: {=ROUND(IFERROR(400000*_xlfn._xlws.FILTER(合作业务授信额度申请表!$D$5:$D$14,合作业务授信额度申请表!$B$5:$B$14=B7)/SUM(合作业务授信额度申请表!$D$5:$D$14),"")/1000,0)*1000} -> 42000 | AE7: 30000 | AF7: 45711.086 | AG7: {=IFERROR(_xlfn._xlws.FILTER(2025年互联网落地!$C$3:$C$9,2025年互联网落地!$B$3:$B$9=B7),"")} | AH7: =AF7/AB7 -> 0.35162374 | AI7: =AC7+D7 -> 210000 | AJ7: =AC7-I7 -> 1280.1409
A8: =MAX($A$1:A7)+1 -> 7 | B8: 示例担保公司G | C8: {=_xlfn._xlws.FILTER(合作业务授信额度申请表!$C$5:$C$14,合作业务授信额度申请表!$B$5:$B$14=B8)+_xlfn._xlws.FILTER(合作业务授信额度申请表!$D$5:$D$14,合作业务授信额度申请表!$B$5:$B$14=B8)} -> 342000 | D8: {=_xlfn._xlws.FILTER(合作业务授信额度申请表!$F$5:$F$14,合作业务授信额度申请表!$B$5:$B$14=B8)} -> 50000 | G8: =F8*1.3 -> 0 | H8: {=IFERROR(_xlfn._xlws.FILTER(2025年民投!$H$2:$H$10,2025年民投!$G$2:$G$10=B8),0)} -> 9571.2142 | I8: {=_xlfn._xlws.FILTER(2025年规模!$D$7:$D$16,2025年规模!$C$7:$C$16=B8)} -> 40244.929 | J8: =I8/10000 -> 4.0244929 | K8: {=_xlfn._xlws.FILTER(就业人数!$E$7:$E$16,就业人数!$C$7:$C$16=B8)/I8*10000} -> 801.84015 | L8: =K8/就业人数!$F$3 -> 0.7399569 | M8: {=ROUND(_xlfn._xlws.FILTER(支小支农业务统计表!$E$7:$E$16,支小支农业务统计表!$C$7:$C$16=B8),2)/100} -> 0.8442 | N8: =_xlfn.SWITCH(TRUE(),M8>=90%,1,M8/90%) -> 0.938 | O8: {=_xlfn._xlws.FILTER(近3年累计代偿率!$J$7:$J$16,近3年累计代偿率!$C$7:$C$16=B8)/100} -> 0.01180248 | P8: =MAX(1-(O8-近3年累计代偿率!$J$3)/近3年累计代偿率!$J$3,0.5) -> 1.4950138 | Q8: {=_xlfn._xlws.FILTER(2025年代偿率!$J$7:$J$16,2025年代偿率!$C$7:$C$16=B8)/100} -> 0.01315482 | R8: =MAX(1-(Q8-2025年代偿率!$J$3)/2025年代偿率!$J$3,0.5) -> 1.5462556 | S8: {=_xlfn._xlws.FILTER(2025年机构评价!$C$2:$C$10,2025年机构评价!$B$2:$B$10=B8)} -> 73.74 | T8: =S8/100 -> 0.7374 | U8: =J8*(L8*0.2+N8*0.2+P8*0.1+R8*0.1+T8*0.4) -> 3.7616063 | V8: {=ROUND(IFERROR(_xlfn._xlws.FILTER(合作业务授信额度申请表!$I$5:$I$14,合作业务授信额度申请表!$B$5:$B$14=B8),"")*2/1000,0)*1000} -> 0 | W8: =I8+V8-H8 -> 30673.715 | X8: =ROUND((SUM($W$2:$W$9))*U8/SUM($U$2:$U$9),0) -> 37851 | Y8: =IF(G8>0,X8-G8,"") | Z8: =X8 -> 37851 | AA8: =Z8 -> 37851 | AB8: =ROUND(IF(ROUND(AA8/10000,0)*10000=0,10000,ROUND(AA8/1000,0)*1000)/10000,0)*10000 -> 40000 | AC8: =AB8+IF(AH8>=40%,20000,0) -> 60000 | AD8: {=ROUND(IFERROR(400000*_xlfn._xlws.FILTER(合作业务授信额度申请表!$D$5:$D$14,合作业务授信额度申请表!$B$5:$B$14=B8)/SUM(合作业务授信额度申请表!$D$5:$D$14),"")/1000,0)*1000} -> 42000 | AE8: 19000 | AF8: 16292.569 | AG8: {=IFERROR(_xlfn._xlws.FILTER(2025年互联网落地!$C$3:$C$9,2025年互联网落地!$B$3:$B$9=B8),"")} | AH8: =AF8/AB8 -> 0.40731423 | AI8: =AC8+D8 -> 110000 | AJ8: =AC8-I8 -> 19755.071
A9: =MAX($A$1:A8)+1 -> 8 | B9: 示例担保公司H | C9: {=_xlfn._xlws.FILTER(合作业务授信额度申请表!$C$5:$C$14,合作业务授信额度申请表!$B$5:$B$14=B9)+_xlfn._xlws.FILTER(合作业务授信额度申请表!$D$5:$D$14,合作业务授信额度申请表!$B$5:$B$14=B9)} -> 239000 | D9: {=_xlfn._xlws.FILTER(合作业务授信额度申请表!$F$5:$F$14,合作业务授信额度申请表!$B$5:$B$14=B9)} -> 30000 | G9: =F9*1.3 -> 0 | H9: {=IFERROR(_xlfn._xlws.FILTER(2025年民投!$H$2:$H$10,2025年民投!$G$2:$G$10=B9),0)} -> 1419.1641 | I9: {=_xlfn._xlws.FILTER(2025年规模!$D$7:$D$16,2025年规模!$C$7:$C$16=B9)} -> 80979.77 | J9: =I9/10000 -> 8.097977 | K9: {=_xlfn._xlws.FILTER(就业人数!$E$7:$E$16,就业人数!$C$7:$C$16=B9)/I9*10000} -> 1181.7766 | L9: =K9/就业人数!$F$3 -> 1.0905712 | M9: {=ROUND(_xlfn._xlws.FILTER(支小支农业务统计表!$E$7:$E$16,支小支农业务统计表!$C$7:$C$16=B9),2)/100} -> 0.9584 | N9: =_xlfn.SWITCH(TRUE(),M9>=90%,1,M9/90%) -> 1 | O9: {=_xlfn._xlws.FILTER(近3年累计代偿率!$J$7:$J$16,近3年累计代偿率!$C$7:$C$16=B9)/100} -> 0.01028255 | P9: =MAX(1-(O9-近3年累计代偿率!$J$3)/近3年累计代偿率!$J$3,0.5) -> 1.5600462 | Q9: {=_xlfn._xlws.FILTER(2025年代偿率!$J$7:$J$16,2025年代偿率!$C$7:$C$16=B9)/100} -> 0.0173012 | R9: =MAX(1-(Q9-2025年代偿率!$J$3)/2025年代偿率!$J$3,0.5) -> 1.403236 | S9: {=_xlfn._xlws.FILTER(2025年机构评价!$C$2:$C$10,2025年机构评价!$B$2:$B$10=B9)} -> 80.22 | T9: =S9/100 -> 0.8022 | U9: =J9*(L9*0.2+N9*0.2+P9*0.1+R9*0.1+T9*0.4) -> 8.3840175 | V9: {=ROUND(IFERROR(_xlfn._xlws.FILTER(合作业务授信额度申请表!$I$5:$I$14,合作业务授信额度申请表!$B$5:$B$14=B9),"")*2/1000,0)*1000} -> 4000 | W9: =I9+V9-H9 -> 83560.606 | X9: =ROUND((SUM($W$2:$W$9))*U9/SUM($U$2:$U$9),0) -> 84364 | Y9: =IF(G9>0,X9-G9,"") | Z9: =X9 -> 84364 | AA9: =Z9 -> 84364 | AB9: =ROUND(IF(ROUND(AA9/10000,0)*10000=0,10000,ROUND(AA9/1000,0)*1000)/10000,0)*10000 -> 80000 | AC9: =AB9+IF(AH9>=40%,20000,0) -> 100000 | AD9: {=ROUND(IFERROR(400000*_xlfn._xlws.FILTER(合作业务授信额度申请表!$D$5:$D$14,合作业务授信额度申请表!$B$5:$B$14=B9)/SUM(合作业务授信额度申请表!$D$5:$D$14),"")/1000,0)*1000} -> 105000 | AE9: 50000 | AF9: 36840.446 | AG9: {=IFERROR(_xlfn._xlws.FILTER(2025年互联网落地!$C$3:$C$9,2025年互联网落地!$B$3:$B$9=B9),"")} | AH9: =AF9/AB9 -> 0.46050558 | AI9: =AC9+D9 -> 130000 | AJ9: =AC9-I9 -> 19020.23
A10: =MAX($A$1:A9)+1 -> 9 | B10: 示例担保公司I | C10: {=_xlfn._xlws.FILTER(合作业务授信额度申请表!$C$5:$C$14,合作业务授信额度申请表!$B$5:$B$14=B10)+_xlfn._xlws.FILTER(合作业务授信额度申请表!$D$5:$D$14,合作业务授信额度申请表!$B$5:$B$14=B10)} -> 435000 | D10: {=_xlfn._xlws.FILTER(合作业务授信额度申请表!$F$5:$F$14,合作业务授信额度申请表!$B$5:$B$14=B10)} -> 50000 | G10: =F10*1.3 -> 0 | H10: {=IFERROR(_xlfn._xlws.FILTER(2025年民投!$H$2:$H$10,2025年民投!$G$2:$G$10=B10),0)} -> 0 | I10: {=_xlfn._xlws.FILTER(2025年规模!$D$7:$D$16,2025年规模!$C$7:$C$16=B10)} -> 298549.58 | J10: =I10/10000 -> 29.854958 | K10: {=_xlfn._xlws.FILTER(就业人数!$E$7:$E$16,就业人数!$C$7:$C$16=B10)/I10*10000} -> 1204.825 | L10: =K10/就业人数!$F$3 -> 1.1118408 | M10: {=ROUND(_xlfn._xlws.FILTER(支小支农业务统计表!$E$7:$E$16,支小支农业务统计表!$C$7:$C$16=B10),2)/100} -> 0.8677 | N10: =_xlfn.SWITCH(TRUE(),M10>=90%,1,M10/90%) -> 0.96411111 | O10: {=_xlfn._xlws.FILTER(近3年累计代偿率!$J$7:$J$16,近3年累计代偿率!$C$7:$C$16=B10)/100} -> 0.0378078 | P10: =MAX(1-(O10-近3年累计代偿率!$J$3)/近3年累计代偿率!$J$3,0.5) -> 0.5 | Q10: {=_xlfn._xlws.FILTER(2025年代偿率!$J$7:$J$16,2025年代偿率!$C$7:$C$16=B10)/100} -> 0.01341857 | R10: =MAX(1-(Q10-2025年代偿率!$J$3)/2025年代偿率!$J$3,0.5) -> 1.5371582 | S10: {=_xlfn._xlws.FILTER(2025年机构评价!$C$2:$C$10,2025年机构评价!$B$2:$B$10=B10)} -> 83.04 | T10: =S10/100 -> 0.8304 | U10: =J10*(L10*0.2+N10*0.2+P10*0.1+R10*0.1+T10*0.4) -> 28.394042 | V10: {=ROUND(IFERROR(_xlfn._xlws.FILTER(合作业务授信额度申请表!$I$5:$I$14,合作业务授信额度申请表!$B$5:$B$14=B10),"")*2/1000,0)*1000} -> 23000 | W10: =I10+V10-H10 -> 321549.58 | X10: 10000 | Z10: 10000 | AA10: 10000 | AB10: 10000 | AC10: 10000 | AD10: {=ROUND(IFERROR(400000*_xlfn._xlws.FILTER(合作业务授信额度申请表!$D$5:$D$14,合作业务授信额度申请表!$B$5:$B$14=B10)/SUM(合作业务授信额度申请表!$D$5:$D$14),"")/1000,0)*1000} -> 0 | AE10: 58000 | AF10: 3846.95 | AG10: {=IFERROR(_xlfn._xlws.FILTER(2025年互联网落地!$C$3:$C$9,2025年互联网落地!$B$3:$B$9=B10),"")} | AI10: =AC10+D10 -> 60000 | AJ10: 固定额度
A11: =MAX($A$1:A10)+1 -> 10 | B11: 示例担保公司J | C11: {=_xlfn._xlws.FILTER(合作业务授信额度申请表!$C$5:$C$14,合作业务授信额度申请表!$B$5:$B$14=B11)+_xlfn._xlws.FILTER(合作业务授信额度申请表!$D$5:$D$14,合作业务授信额度申请表!$B$5:$B$14=B11)} -> 376000 | D11: {=_xlfn._xlws.FILTER(合作业务授信额度申请表!$F$5:$F$14,合作业务授信额度申请表!$B$5:$B$14=B11)} -> 0 | G11: =F11*1.3 -> 0 | H11: {=IFERROR(_xlfn._xlws.FILTER(2025年民投!$H$2:$H$10,2025年民投!$G$2:$G$10=B11),0)} -> 0 | W11: =I11+V11-H11 -> 0 | X11: 2000 | Z11: 2000 | AA11: 2000 | AB11: 2000 | AC11: 2000 | AD11: {=ROUND(IFERROR(400000*_xlfn._xlws.FILTER(合作业务授信额度申请表!$D$5:$D$14,合作业务授信额度申请表!$B$5:$B$14=B11)/SUM(合作业务授信额度申请表!$D$5:$D$14),"")/1000,0)*1000} -> 21000 | AE11: 50000 | AF11: 1103.21 | AG11: {=IFERROR(_xlfn._xlws.FILTER(2025年互联网落地!$C$3:$C$9,2025年互联网落地!$B$3:$B$9=B11),"")} | AI11: =AC11+D11 -> 2000 | AJ11: 固定额度

Sheet 合作业务授信额度申请表
B1: 合作业务授信额度申请表（示例）
A3: 序号 | B3: 合作机构 | C3: 2026年度常规业务申请额度（不含科技担保专项、民间投资专项及国担“总对总”业务额度） | D3: 2026年度科技担保专项申请额度 | E3: 民间投资专项担保计划申请额度 | H3: 2025年注册资本增加情况
E4: 小计 | F4: 2026年度 | G4: 2027年度 | H4: 是否增资 | I4: 增资总额
A5: 1 | B5: 示例担保公司A | C5: 619000 | D5: 20000 | E5: 60000 | F5: 30000 | G5: 30000 | H5: 是 | I5: 14322.17
A6: 2 | B6: 示例担保公司B | C6: 285000 | D6: 50000 | E6: 0 | F6: 0 | G6: 0 | H6: 是 | I6: 9822.81
A7: 3 | B7: 示例担保公司C | C7: 397000 | D7: 0 | E7: 0 | F7: 0 | G7: 0 | H7: 是 | I7: 13788.32
A8: 4 | B8: 示例担保公司D | C8: 393000 | D8: 20000 | E8: 160000 | F8: 80000 | G8: 80000 | H8: 否
A9: 5 | B9: 示例担保公司E | C9: 426000 | D9: 0 | E9: 40000 | F9: 20000 | G9: 20000 | H9: 否
A10: 6 | B10: 示例担保公司F | C10: 412000 | D10: 20000 | E10: 160000 | F10: 80000 | G10: 80000 | H10: 是 | I10: 11611.5
A11: 7 | B11: 示例担保公司G | C11: 322000 | D11: 20000 | E11: 100000 | F11: 50000 | G11: 50000 | H11: 否
A12: 8 | B12: 示例担保公司H | C12: 189000 | D12: 50000 | E12: 60000 | F12: 30000 | G12: 30000 | H12: 是 | I12: 2061.92
A13: 9 | B13: 示例担保公司I | C13: 435000 | D13: 0 | E13: 100000 | F13: 50000 | G13: 50000 | H13: 是 | I13: 11296.61
A14: 10 | B14: 示例担保公司J | C14: 366000 | D14: 10000 | E14: 0 | F14: 0 | G14: 0 | H14: 否
A15: 合计 | C15: =SUM(C5:C14) -> 3844000 | D15: =SUM(D5:D14) -> 190000 | E15: =SUM(E5:E14) -> 680000 | F15: =SUM(F5:F14) -> 340000 | G15: =SUM(G5:G14) -> 340000

Sheet 2025年民投
B1: 机构 | C1: 符合民投 | D1: 邮储 | E1: 符合民投（扣除邮储） | G1: 直担机构名称 | H1: 求和项:主债权金额（万元）
B2: 示例担保公司A | C2: 3059.4265 | D2: 470.77848 | E2: 2588.648 | G2: 示例担保公司A | H2: 2588.648
B3: 示例担保公司B | C3: 101778.89 | D3: 4893.421 | E3: 96885.469 | G3: 示例担保公司B | H3: 96885.469
B4: 示例担保公司C | C4: 98495.453 | D4: 13761.66 | E4: 84733.793 | G4: 示例担保公司C | H4: 84733.793
B5: 示例担保公司D | C5: 3470.7483 | D5: 13.848818 | E5: 3456.8994 | G5: 示例担保公司D | H5: 3456.8994
B6: 示例担保公司E | C6: 27875 | D6: 917.27242 | E6: 26957.728 | G6: 示例担保公司E | H6: 26957.728
B7: 示例担保公司F | C7: 31407.344 | D7: 3600.2478 | E7: 27807.096 | G7: 示例担保公司F | H7: 27807.096
B8: 示例担保公司G | C8: 10684.451 | D8: 1113.2372 | E8: 9571.2142 | G8: 示例担保公司G | H8: 9571.2142
B9: 示例担保公司H | C9: 1577.3664 | D9: 158.20227 | E9: 1419.1641 | G9: 示例担保公司H | H9: 1419.1641
B10: 总计

Sheet 2025年规模
B2: 机构业务规模分析
B3: 备案时间： 2025-01-01 - 2025-12-31（示例数据） | K3: 单位：万元、笔、户、%
B4: 序号 | C4: 机构名称 | D4: 规模 | G4: 笔数 | J4: 户数
D5: 规模 | E5: 占比 | F5: 同比 | G5: 笔数 | H5: 占比 | I5: 同比 | J5: 户数 | K5: 占比 | L5: 同比
B6: 合计 | D6: 1903666.7 | E6: - | F6: 23.68 | G6: 13709 | J6: 10964
B7: 1 | C7: 示例担保公司A | D7: 247889.78 | E7: 13.021701 | F7: 26.22 | G7: 830 | H7: 6.0544168 | I7: -8.19 | J7: 664 | K7: 6.0561839 | L7: 24.3
B8: 2 | C8: 示例担保公司B | D8: 386680.82 | E8: 20.312422 | F8: 10.42 | G8: 1428 | H8: 10.416515 | I8: 31.34 | J8: 1142 | K8: 10.415907 | L8: -17.12
B9: 3 | C9: 示例担保公司C | D9: 382647.79 | E9: 20.100567 | F9: -16.62 | G9: 2060 | H9: 15.026625 | I9: 17.86 | J9: 1648 | K9: 15.031011 | L9: -0.94
B10: 4 | C10: 示例担保公司D | D10: 108419.86 | E10: 5.6953176 | F10: 24.88 | G10: 451 | H10: 3.2898096 | I10: 6.78 | J10: 360 | K10: 3.2834732 | L10: 22.39
B11: 5 | C11: 示例担保公司E | D11: 229534.28 | E11: 12.057483 | F11: 38.52 | G11: 1358 | H11: 9.9059012 | I11: -14.52 | J11: 1086 | K11: 9.9051441 | L11: 9.76
B12: 6 | C12: 示例担保公司F | D12: 128719.86 | E12: 6.7616806 | F12: 16.41 | G12: 2630 | H12: 19.184477 | I12: -7.62 | J12: 2104 | K12: 19.190077 | L12: 35.07
B13: 7 | C13: 示例担保公司G | D13: 40244.929 | E13: 2.1140744 | F13: -0.11 | G13: 713 | H13: 5.2009629 | I13: -7.22 | J13: 570 | K13: 5.1988325 | L13: -18.62
B14: 8 | C14: 示例担保公司H | D14: 80979.77 | E14: 4.2538839 | F14: -7.88 | G14: 1286 | H14: 9.3806988 | I14: -3.93 | J14: 1028 | K14: 9.3761401 | L14: -1.65
B15: 9 | C15: 示例担保公司I | D15: 298549.58 | E15: 15.682871 | F15: 43.2 | G15: 2953 | H15: 21.540594 | I15: -4.89 | J15: 2362 | K15: 21.543232 | L15: -10.66
B16: 备注： | C16: 1、业务规模：统计期内已确认备案的业务累计主债权金额合计（示例数据，虚构）。
C17: 2、占比：统计金额÷总数×100%。

Sheet 就业人数
B2: 新增业务就业规模机构分析（示例）
B3: 统计年度：2025年（示例数据） | E3: 全省平均 | F3: =E6/2379583.34*10000 -> 1083.6309
B4: 序号 | C4: 机构名称 | D4: 合计
D5: 户数 | E5: 人数 | F5: 户均
B6: 合计 | D6: 26857 | E6: 257859
B7: 1 | C7: 示例担保公司A | D7: 3973 | E7: 31789 | F7: 8
B8: 2 | C8: 示例担保公司B | D8: 6179 | E8: 49433 | F8: 8
B9: 3 | C9: 示例担保公司C | D9: 5130 | E9: 41046 | F9: 8
B10: 4 | C10: 示例担保公司D | D10: 1227 | E10: 9817 | F10: 8
B11: 5 | C11: 示例担保公司E | D11: 2954 | E11: 23639 | F11: 8
B12: 6 | C12: 示例担保公司F | D12: 1299 | E12: 10392 | F12: 8
B13: 7 | C13: 示例担保公司G | D13: 403 | E13: 3227 | F13: 8
B14: 8 | C14: 示例担保公司H | D14: 1196 | E14: 9570 | F14: 8
B15: 9 | C15: 示例担保公司I | D15: 4496 | E15: 35970 | F15: 8
B16: 备注： | C16: 1、示例数据，虚构。

Sheet 支小支农业务统计表
B2: 支小支农业务统计表（示例）
B4: 序号 | C4: 机构名称 | D4: 支小支农
D5: 业务规模 | E5: 规模占比
B6: 合计
B7: 1 | C7: 示例担保公司A | D7: 229666.11 | E7: 73.0213
B8: 2 | C8: 示例担保公司B | D8: 356806.64 | E8: 88.4869
B9: 3 | C9: 示例担保公司C | D9: 353066.89 | E9: 78.5509
B10: 4 | C10: 示例担保公司D | D10: 67296.581 | E10: 80.4451
B11: 5 | C11: 示例担保公司E | D11: 193869.1 | E11: 71.997
B12: 6 | C12: 示例担保公司F | D12: 121432.98 | E12: 89.7121
B13: 7 | C13: 示例担保公司G | D13: 25945.195 | E13: 84.4208
B14: 8 | C14: 示例担保公司H | D14: 71740.902 | E14: 95.8386
B15: 9 | C15: 示例担保公司I | D15: 197234.61 | E15: 86.7695

Sheet 近3年累计代偿率
B2: 机构代偿业务分析（示例）
G3: 再保代偿率 | H3: 3927829.4 | I3: 91800.78 | J3: =I3/H3 -> 0.023371886
B4: 序号 | C4: 机构名称 | J4: 担保代偿率 （监管口径）
B6: 合计
B7: 1 | C7: 示例担保公司A | J7: 3.51277
B8: 2 | C8: 示例担保公司B | J8: 3.89919
B9: 3 | C9: 示例担保公司C | J9: 2.627523
B10: 4 | C10: 示例担保公司D | J10: 2.180191
B11: 5 | C11: 示例担保公司E | J11: 4.113638
B12: 6 | C12: 示例担保公司F | J12: 0.994896
B13: 7 | C13: 示例担保公司G | J13: 1.180248
B14: 8 | C14: 示例担保公司H | J14: 1.028255
B15: 9 | C15: 示例担保公司I | J15: 3.78078

Sheet 2025年代偿率
B2: 机构代偿业务分析（示例）
G3: 再保代偿率 | H3: 3344015.7 | I3: 96948.69 | J3: =I3/H3 -> 0.028991697
B4: 序号 | C4: 机构名称 | J4: 担保代偿率 （监管口径）
B6: 合计
B7: 1 | C7: 示例担保公司A | J7: 4.183328
B8: 2 | C8: 示例担保公司B | J8: 2.822715
B9: 3 | C9: 示例担保公司C | J9: 4.294143
B10: 4 | C10: 示例担保公司D | J10: 0.703718
B11: 5 | C11: 示例担保公司E | J11: 1.070111
B12: 6 | C12: 示例担保公司F | J12: 2.831847
B13: 7 | C13: 示例担保公司G | J13: 1.315482
B14: 8 | C14: 示例担保公司H | J14: 1.73012
B15: 9 | C15: 示例担保公司I | J15: 1.341857

Sheet 2025年机构评价
A1: 序号 | B1: 机构名称 | C1: 分数
A2: =ROW()-1 -> 1 | B2: 示例担保公司A | C2: 67.66
A3: =ROW()-1 -> 2 | B3: 示例担保公司B | C3: 92.48
A4: =ROW()-1 -> 3 | B4: 示例担保公司C | C4: 91.25
A5: =ROW()-1 -> 4 | B5: 示例担保公司D | C5: 93.6
A6: =ROW()-1 -> 5 | B6: 示例担保公司E | C6: 81.41
A7: =ROW()-1 -> 6 | B7: 示例担保公司F | C7: 91.18
A8: =ROW()-1 -> 7 | B8: 示例担保公司G | C8: 73.74
A9: =ROW()-1 -> 8 | B9: 示例担保公司H | C9: 80.22
A10: =ROW()-1 -> 9 | B10: 示例担保公司I | C10: 83.04

Sheet 2025年互联网落地
B2: 直担机构名称 | C2: 求和项:主债权金额（万元）
B3: 示例担保公司A | C3: 12572.286
B4: 示例担保公司B | C4: 9077.232
B5: 示例担保公司C | C5: 83729.057
B6: 示例担保公司D | C6: 55390.424
B7: 示例担保公司E | C7: 109647.14
B8: 总计
